GameID,WhiteName,WhiteElo,BlackName,BlackElo,Year,Opening,Variation,Result,MoveNumber,Move,Evaluation
1,"Leko,P",2730,"Ponomariov,R",2726,2012,QGA,"classical, 6...a6",1/2-1/2,1,d4,0.28
1,,,,,,,,,2,d5,0.33
1,,,,,,,,,3,c4,0.3
1,,,,,,,,,4,dxc4,0.42
1,,,,,,,,,5,Nf3,0.27
1,,,,,,,,,6,Nf6,0.3
1,,,,,,,,,7,e3,0.36
1,,,,,,,,,8,e6,0.33
1,,,,,,,,,9,Bxc4,0.2
1,,,,,,,,,10,a6,0.26
1,,,,,,,,,11,O-O,0.18
1,,,,,,,,,12,c5,0.23
1,,,,,,,,,13,dxc5,0.21
1,,,,,,,,,14,Bxc5,0.23
1,,,,,,,,,15,Qxd8+,0.26
1,,,,,,,,,16,Kxd8,0.3
1,,,,,,,,,17,Ne5,0.14
1,,,,,,,,,18,Ke7,0.22
1,,,,,,,,,19,Be2,0.07
1,,,,,,,,,20,Nbd7,0.34
1,,,,,,,,,21,Nc4,0.21
1,,,,,,,,,22,Ra7,0.59
1,,,,,,,,,23,Nbd2,0.29
1,,,,,,,,,24,b5,0.46
1,,,,,,,,,25,Na5,0.45
1,,,,,,,,,26,Rc7,0.35
1,,,,,,,,,27,a4,0.22
1,,,,,,,,,28,bxa4,0.26
1,,,,,,,,,29,Ndc4,0.25
1,,,,,,,,,30,Nb8,0.28
1,,,,,,,,,31,Rxa4,0.03
1,,,,,,,,,32,Bd7,0.08
1,,,,,,,,,33,Ra1,0.0
1,,,,,,,,,34,Bb5,0.03
1,,,,,,,,,35,b3,-0.01
1,,,,,,,,,36,Ne4,0.28
1,,,,,,,,,37,Bb2,0.14
1,,,,,,,,,38,f6,0.09
1,,,,,,,,,39,Bf3,0.0
1,,,,,,,,,40,Ng5,0.02
1,,,,,,,,,41,Be2,-0.06
1,,,,,,,,,42,Rd8,0.1
1,,,,,,,,,43,Rfc1,0.04
1,,,,,,,,,44,Bb4,0.01
1,,,,,,,,,45,Bf1,-0.15
1,,,,,,,,,46,Nd7,1.08
1,,,,,,,,,47,Ba3,0.28
1,,,,,,,,,48,Bc5,0.6
1,,,,,,,,,49,Bxc5+,0.06
1,,,,,,,,,50,Nxc5,0.0
1,,,,,,,,,51,Na3,0.02
1,,,,,,,,,52,Bxf1,0.0
1,,,,,,,,,53,Kxf1,0.0
1,,,,,,,,,54,Rdc8,0.02
1,,,,,,,,,55,f3,-0.01
1,,,,,,,,,56,Nf7,0.0
1,,,,,,,,,57,Rc3,-0.03
1,,,,,,,,,58,Nd7,0.01
1,,,,,,,,,59,Rxc7,0.03
1,,,,,,,,,60,Rxc7,0.03
1,,,,,,,,,61,N3c4,0.0
1,,,,,,,,,62,Nfe5,0.02
1,,,,,,,,,63,Ke2,0.01
1,,,,,,,,,64,Nxc4,0.05
1,,,,,,,,,65,Nxc4,0.05
1,,,,,,,,,66,Nc5,0.07
1,,,,,,,,,67,Na5,0.05
1,,,,,,,,,68,Nb7,0.03
1,,,,,,,,,69,Nxb7,0.0
1,,,,,,,,,70,Rxb7,0.0
1,,,,,,,,,71,Rxa6,0.0
1,,,,,,,,,72,Rxb3,0.0
1,,,,,,,,,73,Ra7+,0.0
1,,,,,,,,,74,Kf8,0.0
1,,,,,,,,,75,Kf2,0.0
,,,,,,,,,,
2,"Karjakin,Sergey",2779,"Kramnik,V",2799,2012,Scotch,Mieses variation,1/2-1/2,1,e4,0.33
2,,,,,,,,,2,e5,0.23
2,,,,,,,,,3,Nf3,0.32
2,,,,,,,,,4,Nc6,0.29
2,,,,,,,,,5,d4,0.12
2,,,,,,,,,6,exd4,0.32
2,,,,,,,,,7,Nxd4,0.11
2,,,,,,,,,8,Nf6,0.11
2,,,,,,,,,9,Nxc6,0.13
2,,,,,,,,,10,bxc6,0.12
2,,,,,,,,,11,e5,0.12
2,,,,,,,,,12,Qe7,0.1
2,,,,,,,,,13,Qe2,0.0
2,,,,,,,,,14,Nd5,0.0
2,,,,,,,,,15,c4,0.0
2,,,,,,,,,16,Nb6,0.1
2,,,,,,,,,17,Nc3,0.12
2,,,,,,,,,18,Ba6,0.0
2,,,,,,,,,19,b3,-0.08
2,,,,,,,,,20,O-O-O,-0.06
2,,,,,,,,,21,Bb2,0.0
2,,,,,,,,,22,Re8,-0.02
2,,,,,,,,,23,f4,0.0
2,,,,,,,,,24,f6,-0.13
2,,,,,,,,,25,O-O-O,-0.2
2,,,,,,,,,26,fxe5,-0.08
2,,,,,,,,,27,fxe5,-0.08
2,,,,,,,,,28,Qxe5,-0.03
2,,,,,,,,,29,Qxe5,0.0
2,,,,,,,,,30,Rxe5,0.0
2,,,,,,,,,31,Bd3,-0.12
2,,,,,,,,,32,Re8,0.14
2,,,,,,,,,33,Rhf1,-0.06
2,,,,,,,,,34,d5,0.01
2,,,,,,,,,35,cxd5,0.01
2,,,,,,,,,36,Bxd3,-0.02
2,,,,,,,,,37,Rxd3,0.0
2,,,,,,,,,38,Nxd5,0.0
2,,,,,,,,,39,Nxd5,0.0
2,,,,,,,,,40,cxd5,-0.02
2,,,,,,,,,41,Rxd5,-0.01
2,,,,,,,,,42,Bd6,-0.01
2,,,,,,,,,43,Bxg7,-0.01
2,,,,,,,,,44,Rhg8,0.0
2,,,,,,,,,45,Rf7,-0.01
2,,,,,,,,,46,Re2,0.02
2,,,,,,,,,47,Rd2,0.0
2,,,,,,,,,48,Rxg7,0.0
2,,,,,,,,,49,Rxg7,0.0
2,,,,,,,,,50,Bf4,0.0
2,,,,,,,,,51,Rd7,0.0
2,,,,,,,,,52,Rxg2,0.0
2,,,,,,,,,53,Kc2,-0.02
2,,,,,,,,,54,Bxd2,-0.02
2,,,,,,,,,55,Rxd2,-0.02
2,,,,,,,,,56,Rg4,-0.01
2,,,,,,,,,57,Rd3,-0.01
2,,,,,,,,,58,Rg2+,-0.01
2,,,,,,,,,59,Rd2,-0.02
2,,,,,,,,,60,Rg4,-0.02
2,,,,,,,,,61,Rd3,-0.01
2,,,,,,,,,62,Rg2+,0.0
2,,,,,,,,,63,Rd2,0.0
2,,,,,,,,,64,Rg4,0.0
,,,,,,,,,,
3,"Caruana,F",2775,"Naiditsch,A",2700,2012,Scotch,Potter variation,1/2-1/2,1,e4,0.33
3,,,,,,,,,2,e5,0.23
3,,,,,,,,,3,Nf3,0.32
3,,,,,,,,,4,Nc6,0.29
3,,,,,,,,,5,d4,0.12
3,,,,,,,,,6,exd4,0.32
3,,,,,,,,,7,Nxd4,0.11
3,,,,,,,,,8,Bc5,0.28
3,,,,,,,,,9,Nb3,0.39
3,,,,,,,,,10,Bb6,0.5
3,,,,,,,,,11,Nc3,0.34
3,,,,,,,,,12,Nf6,0.3
3,,,,,,,,,13,Qe2,0.18
3,,,,,,,,,14,O-O,-0.05
3,,,,,,,,,15,Be3,-0.14
3,,,,,,,,,16,Re8,0.23
3,,,,,,,,,17,f3,0.13
3,,,,,,,,,18,d5,0.12
3,,,,,,,,,19,O-O-O,0.08
3,,,,,,,,,20,Be6,0.5
3,,,,,,,,,21,Qf2,0.53
3,,,,,,,,,22,Ne5,1.16
3,,,,,,,,,23,h3,0.69
3,,,,,,,,,24,Ng6,1.21
3,,,,,,,,,25,Bxb6,1.35
3,,,,,,,,,26,axb6,1.32
3,,,,,,,,,27,f4,1.32
3,,,,,,,,,28,Bd7,1.26
3,,,,,,,,,29,f5,1.22
3,,,,,,,,,30,Ne5,1.52
3,,,,,,,,,31,exd5,1.38
3,,,,,,,,,32,b5,1.46
3,,,,,,,,,33,a3,1.56
3,,,,,,,,,34,Nc4,1.54
3,,,,,,,,,35,Bxc4,1.53
3,,,,,,,,,36,bxc4,1.48
3,,,,,,,,,37,Nd2,1.23
3,,,,,,,,,38,b5,1.12
3,,,,,,,,,39,g4,0.9
3,,,,,,,,,40,b4,1.09
3,,,,,,,,,41,axb4,1.16
3,,,,,,,,,42,Ra1+,0.92
3,,,,,,,,,43,Ndb1,0.71
3,,,,,,,,,44,Ne4,0.8
3,,,,,,,,,45,Nxe4,0.71
3,,,,,,,,,46,Rxe4,0.73
3,,,,,,,,,47,f6,0.72
3,,,,,,,,,48,Qa8,0.72
3,,,,,,,,,49,Qf3,0.52
3,,,,,,,,,50,Qe8,1.2
3,,,,,,,,,51,Qc3,0.74
3,,,,,,,,,52,Qa8,0.76
3,,,,,,,,,53,Qf3,0.39
3,,,,,,,,,54,Qe8,1.2
3,,,,,,,,,55,Rhf1,0.0
3,,,,,,,,,56,g5,0.82
3,,,,,,,,,57,Qg3,0.18
3,,,,,,,,,58,Re3,0.78
3,,,,,,,,,59,Rf3,-1.59
3,,,,,,,,,60,Re2,-2.14
3,,,,,,,,,61,Rf2,-2.2
3,,,,,,,,,62,Ba4,-2.78
3,,,,,,,,,63,Qf3,-3.58
3,,,,,,,,,64,Rxb1+,-4.12
3,,,,,,,,,65,Kxb1,-4.37
3,,,,,,,,,66,Bxc2+,-4.53
3,,,,,,,,,67,Kc1,-4.61
3,,,,,,,,,68,Bxd1,-4.45
3,,,,,,,,,69,Kxd1,-4.6
3,,,,,,,,,70,Re3,-4.45
3,,,,,,,,,71,Qf5,-4.64
3,,,,,,,,,72,h6,-1.96
3,,,,,,,,,73,b5,-3.85
3,,,,,,,,,74,Re5,-2.8
3,,,,,,,,,75,Qf3,-3.35
3,,,,,,,,,76,Qxb5,-2.3
3,,,,,,,,,77,Re2,-2.48
3,,,,,,,,,78,Qxd5+,-0.56
3,,,,,,,,,79,Qxd5,-0.81
3,,,,,,,,,80,Rxd5+,-0.81
3,,,,,,,,,81,Kc2,-0.65
3,,,,,,,,,82,Rd6,-0.82
3,,,,,,,,,83,Re8+,-0.7
3,,,,,,,,,84,Kh7,-0.75
3,,,,,,,,,85,Re7,-0.32
3,,,,,,,,,86,Rxf6,-0.14
3,,,,,,,,,87,Rxc7,-0.12
3,,,,,,,,,88,Rf4,-0.09
3,,,,,,,,,89,Kc3,-0.09
3,,,,,,,,,90,Kg6,-0.04
3,,,,,,,,,91,Rxc4,-0.05
3,,,,,,,,,92,Rf3+,-0.07
3,,,,,,,,,93,Kc2,-0.06
3,,,,,,,,,94,Rxh3,-0.05
3,,,,,,,,,95,b4,-0.04
3,,,,,,,,,96,h5,-0.03
3,,,,,,,,,97,gxh5+,-0.05
3,,,,,,,,,98,Rxh5,-0.03
3,,,,,,,,,99,b5,-0.03
3,,,,,,,,,100,Rh8,-0.03
3,,,,,,,,,101,b6,-0.04
3,,,,,,,,,102,Rb8,-0.02
3,,,,,,,,,103,Rb4,-0.03
3,,,,,,,,,104,Kf6,0.0
3,,,,,,,,,105,Kd3,-0.01
3,,,,,,,,,106,Ke6,-0.01
3,,,,,,,,,107,b7,0.0
3,,,,,,,,,108,Kd6,0.0
3,,,,,,,,,109,Ke4,0.01
3,,,,,,,,,110,Kc6,0.01
3,,,,,,,,,111,Kf5,0.01
3,,,,,,,,,112,Rxb7,0.01
3,,,,,,,,,113,Rxb7,0.0
3,,,,,,,,,114,Kxb7,0.0
3,,,,,,,,,115,Kxg5,0.0
3,,,,,,,,,116,Kc6,0.0
3,,,,,,,,,117,Kf6,0.0
3,,,,,,,,,118,Kd5,0.0
3,,,,,,,,,119,Kxf7,0.0
,,,,,,,,,,
4,"Fridman,D",2655,"Gustafsson,J",2629,2012,Queen's pawn game,Unknown,1/2-1/2,1,Nf3,0.28
4,,,,,,,,,2,d5,0.33
4,,,,,,,,,3,d4,0.3
4,,,,,,,,,4,Nf6,0.25
4,,,,,,,,,5,c4,0.18
4,,,,,,,,,6,c6,0.28
4,,,,,,,,,7,Qb3,0.17
4,,,,,,,,,8,dxc4,0.15
4,,,,,,,,,9,Qxc4,0.15
4,,,,,,,,,10,Bg4,0.51
4,,,,,,,,,11,Nbd2,0.25
4,,,,,,,,,12,Nbd7,0.21
4,,,,,,,,,13,g3,0.18
4,,,,,,,,,14,e6,0.2
4,,,,,,,,,15,Bg2,0.23
4,,,,,,,,,16,Be7,0.23
4,,,,,,,,,17,O-O,0.14
4,,,,,,,,,18,O-O,0.17
4,,,,,,,,,19,Ne5,0.02
4,,,,,,,,,20,Bh5,0.05
4,,,,,,,,,21,Nxd7,-0.11
4,,,,,,,,,22,Nxd7,-0.09
4,,,,,,,,,23,Nb3,-0.12
4,,,,,,,,,24,a5,-0.1
4,,,,,,,,,25,e4,-0.57
4,,,,,,,,,26,a4,-0.55
4,,,,,,,,,27,Nc5,-0.46
4,,,,,,,,,28,Nxc5,-0.81
4,,,,,,,,,29,dxc5,-0.67
4,,,,,,,,,30,e5,-0.21
4,,,,,,,,,31,Be3,-0.48
4,,,,,,,,,32,Bg4,0.0
4,,,,,,,,,33,b4,0.02
4,,,,,,,,,34,axb3,0.1
4,,,,,,,,,35,axb3,0.0
4,,,,,,,,,36,Qc7,0.25
4,,,,,,,,,37,b4,0.15
4,,,,,,,,,38,Rfd8,0.07
4,,,,,,,,,39,Qc3,0.08
4,,,,,,,,,40,h6,0.09
4,,,,,,,,,41,h3,0.11
4,,,,,,,,,42,Be2,0.15
4,,,,,,,,,43,Rfe1,0.05
4,,,,,,,,,44,Rxa1,0.12
4,,,,,,,,,45,Qxa1,0.04
4,,,,,,,,,46,Bc4,0.13
4,,,,,,,,,47,h4,0.08
4,,,,,,,,,48,Be6,0.27
4,,,,,,,,,49,Bf3,0.23
4,,,,,,,,,50,Bf6,0.25
4,,,,,,,,,51,Be2,0.32
4,,,,,,,,,52,Qc8,0.36
4,,,,,,,,,53,Qa7,0.28
4,,,,,,,,,54,Kh7,0.34
4,,,,,,,,,55,Rb1,0.37
4,,,,,,,,,56,Rd7,0.28
4,,,,,,,,,57,Ra1,0.03
4,,,,,,,,,58,Rd8,0.36
4,,,,,,,,,59,Kh2,-0.03
4,,,,,,,,,60,Kg8,0.29
4,,,,,,,,,61,Qb6,0.29
4,,,,,,,,,62,Rd7,0.25
4,,,,,,,,,63,Qa5,0.21
4,,,,,,,,,64,Rd8,0.25
4,,,,,,,,,65,Qb6,0.21
4,,,,,,,,,66,Rd7,0.23
4,,,,,,,,,67,Qa7,0.31
4,,,,,,,,,68,Rd8,0.32
4,,,,,,,,,69,Qb6,0.0
,,,,,,,,,,
5,"Meier,Geo",2644,"Bartel,Mat",2674,2012,Catalan,"open, 5.Nf3",1-0,1,d4,0.28
5,,,,,,,,,2,Nf6,0.34
5,,,,,,,,,3,c4,0.37
5,,,,,,,,,4,e6,0.35
5,,,,,,,,,5,g3,0.47
5,,,,,,,,,6,d5,0.29
5,,,,,,,,,7,Nf3,0.24
5,,,,,,,,,8,dxc4,0.25
5,,,,,,,,,9,Bg2,0.23
5,,,,,,,,,10,c5,0.37
5,,,,,,,,,11,O-O,0.35
5,,,,,,,,,12,Nc6,0.36
5,,,,,,,,,13,dxc5,0.36
5,,,,,,,,,14,Qxd1,0.35
5,,,,,,,,,15,Rxd1,0.22
5,,,,,,,,,16,Bxc5,0.27
5,,,,,,,,,17,Nbd2,0.27
5,,,,,,,,,18,c3,0.31
5,,,,,,,,,19,bxc3,0.23
5,,,,,,,,,20,Bd7,0.55
5,,,,,,,,,21,Rb1,0.56
5,,,,,,,,,22,O-O-O,0.6
5,,,,,,,,,23,Ne1,0.21
5,,,,,,,,,24,e5,0.41
5,,,,,,,,,25,Nd3,0.34
5,,,,,,,,,26,Bf5,0.05
5,,,,,,,,,27,Rb5,0.09
5,,,,,,,,,28,Bb6,1.14
5,,,,,,,,,29,Nc4,1.0
5,,,,,,,,,30,Bc7,1.47
5,,,,,,,,,31,Bg5,0.88
5,,,,,,,,,32,a6,1.52
5,,,,,,,,,33,Rb2,1.52
5,,,,,,,,,34,h6,2.06
5,,,,,,,,,35,Bxf6,2.14
5,,,,,,,,,36,gxf6,2.64
5,,,,,,,,,37,Ne3,2.96
5,,,,,,,,,38,Bg6,2.94
5,,,,,,,,,39,Rdb1,3.08
5,,,,,,,,,40,Na5,3.05
5,,,,,,,,,41,Bxb7+,3.14
5,,,,,,,,,42,Nxb7,3.09
5,,,,,,,,,43,Rxb7,2.8
5,,,,,,,,,44,Bxd3,3.35
5,,,,,,,,,45,exd3,3.19
5,,,,,,,,,46,Rxd3,3.54
5,,,,,,,,,47,Ra7,3.49
5,,,,,,,,,48,Rhd8,3.65
5,,,,,,,,,49,Rxa6,2.34
5,,,,,,,,,50,R8d6,2.37
5,,,,,,,,,51,Rxd6,2.35
5,,,,,,,,,52,Rxd6,2.39
5,,,,,,,,,53,Nf5,2.41
5,,,,,,,,,54,Rd2,2.63
5,,,,,,,,,55,Nxh6,2.74
5,,,,,,,,,56,Rxa2,2.84
5,,,,,,,,,57,h4,2.71
5,,,,,,,,,58,Bd6,3.04
5,,,,,,,,,59,h5,3.04
5,,,,,,,,,60,Kd7,3.36
5,,,,,,,,,61,Rb7+,2.3
5,,,,,,,,,62,Ke6,2.41
5,,,,,,,,,63,Rb6,2.23
5,,,,,,,,,64,Ra4,2.33
5,,,,,,,,,65,Nxf7,1.58
5,,,,,,,,,66,Kxf7,2.66
5,,,,,,,,,67,Rxd6,2.16
5,,,,,,,,,68,Rc4,2.24
5,,,,,,,,,69,Rd7+,2.51
5,,,,,,,,,70,Ke6,2.93
5,,,,,,,,,71,Rg7,3.27
5,,,,,,,,,72,Rxc3,4.69
5,,,,,,,,,73,h6,4.71
5,,,,,,,,,74,Rc8,4.64
5,,,,,,,,,75,h7,4.6
5,,,,,,,,,76,Rh8,4.98
5,,,,,,,,,77,g4,5.1
,,,,,,,,,,
6,"Ponomariov,R",2726,"Caruana,F",2775,2012,Sicilian,Nimzovich-Rossolimo attack (without ...d6),1-0,1,e4,0.33
6,,,,,,,,,2,c5,0.48
6,,,,,,,,,3,Nf3,0.39
6,,,,,,,,,4,Nc6,0.36
6,,,,,,,,,5,Bb5,0.3
6,,,,,,,,,6,d6,0.53
6,,,,,,,,,7,O-O,0.53
6,,,,,,,,,8,Bd7,0.53
6,,,,,,,,,9,Re1,0.46
6,,,,,,,,,10,Nf6,0.57
6,,,,,,,,,11,c3,0.56
6,,,,,,,,,12,a6,0.6
6,,,,,,,,,13,Bf1,0.63
6,,,,,,,,,14,Bg4,0.67
6,,,,,,,,,15,h3,0.28
6,,,,,,,,,16,Bxf3,0.34
6,,,,,,,,,17,Qxf3,0.33
6,,,,,,,,,18,g6,0.43
6,,,,,,,,,19,d3,0.46
6,,,,,,,,,20,Bg7,0.43
6,,,,,,,,,21,Be3,0.4
6,,,,,,,,,22,O-O,0.45
6,,,,,,,,,23,Nd2,0.53
6,,,,,,,,,24,Nd7,0.5
6,,,,,,,,,25,Qd1,0.49
6,,,,,,,,,26,b5,0.47
6,,,,,,,,,27,Nf3,0.46
6,,,,,,,,,28,Nb6,0.85
6,,,,,,,,,29,d4,0.8
6,,,,,,,,,30,Na4,0.85
6,,,,,,,,,31,Re2,0.96
6,,,,,,,,,32,Qa5,1.2
6,,,,,,,,,33,Rc1,1.11
6,,,,,,,,,34,Rad8,1.36
6,,,,,,,,,35,Rec2,1.27
6,,,,,,,,,36,Qc7,1.51
6,,,,,,,,,37,b3,1.13
6,,,,,,,,,38,Nb6,0.92
6,,,,,,,,,39,a4,0.7
6,,,,,,,,,40,bxa4,0.64
6,,,,,,,,,41,bxa4,0.6
6,,,,,,,,,42,c4,1.05
6,,,,,,,,,43,a5,0.44
6,,,,,,,,,44,Nxa5,0.43
6,,,,,,,,,45,Ra1,0.05
6,,,,,,,,,46,Nb3,-0.11
6,,,,,,,,,47,Rxa6,0.01
6,,,,,,,,,48,d5,0.44
6,,,,,,,,,49,exd5,0.42
6,,,,,,,,,50,Nxd5,0.45
6,,,,,,,,,51,Qe2,0.41
6,,,,,,,,,52,Na5,0.47
6,,,,,,,,,53,Bd2,0.53
6,,,,,,,,,54,Ra8,0.43
6,,,,,,,,,55,Rxa8,0.4
6,,,,,,,,,56,Rxa8,0.42
6,,,,,,,,,57,Ra2,0.34
6,,,,,,,,,58,Rc8,0.43
6,,,,,,,,,59,Ng5,0.03
6,,,,,,,,,60,Nb3,0.13
6,,,,,,,,,61,Qxc4,0.15
6,,,,,,,,,62,Nxd2,1.53
6,,,,,,,,,63,Qxd5,1.98
6,,,,,,,,,64,Nxf1,3.1
6,,,,,,,,,65,Nxf7,3.06
6,,,,,,,,,66,e6,3.62
6,,,,,,,,,67,Qxe6,4.0
6,,,,,,,,,68,Rf8,4.49
6,,,,,,,,,69,Ne5+,4.49
6,,,,,,,,,70,Kh8,4.59
6,,,,,,,,,71,Kxf1,4.41
,,,,,,,,,,
7,"Gustafsson,J",2629,"Kramnik,V",2799,2012,King's Indian,Gligoric-Taimanov system,0-1,1,d4,0.28
7,,,,,,,,,2,Nf6,0.34
7,,,,,,,,,3,c4,0.37
7,,,,,,,,,4,g6,0.36
7,,,,,,,,,5,Nc3,0.39
7,,,,,,,,,6,Bg7,0.53
7,,,,,,,,,7,e4,0.53
7,,,,,,,,,8,d6,0.47
7,,,,,,,,,9,Nf3,0.42
7,,,,,,,,,10,O-O,0.5
7,,,,,,,,,11,Be2,0.44
7,,,,,,,,,12,e5,0.56
7,,,,,,,,,13,Be3,0.67
7,,,,,,,,,14,c6,0.71
7,,,,,,,,,15,O-O,0.21
7,,,,,,,,,16,exd4,0.13
7,,,,,,,,,17,Nxd4,0.11
7,,,,,,,,,18,Re8,0.11
7,,,,,,,,,19,f3,0.08
7,,,,,,,,,20,d5,0.2
7,,,,,,,,,21,cxd5,0.03
7,,,,,,,,,22,Nxd5,0.01
7,,,,,,,,,23,Nxd5,0.03
7,,,,,,,,,24,cxd5,0.0
7,,,,,,,,,25,Rc1,0.0
7,,,,,,,,,26,a5,0.33
7,,,,,,,,,27,Qb3,-0.22
7,,,,,,,,,28,a4,-0.25
7,,,,,,,,,29,Qxd5,-0.57
7,,,,,,,,,30,Qxd5,-0.45
7,,,,,,,,,31,exd5,-0.52
7,,,,,,,,,32,a3,-0.68
7,,,,,,,,,33,b3,-0.74
7,,,,,,,,,34,Nc6,-0.6
7,,,,,,,,,35,Nc2,-0.93
7,,,,,,,,,36,Rxe3,-0.82
7,,,,,,,,,37,Nxe3,-0.73
7,,,,,,,,,38,Nb4,-0.57
7,,,,,,,,,39,Rc4,-1.39
7,,,,,,,,,40,Nxa2,-1.46
7,,,,,,,,,41,Ra4,-2.82
7,,,,,,,,,42,Rxa4,-1.54
7,,,,,,,,,43,bxa4,-1.16
7,,,,,,,,,44,Bd4,-1.53
7,,,,,,,,,45,Kf2,-1.67
7,,,,,,,,,46,Nb4,-1.73
7,,,,,,,,,47,Rc1,-4.04
7,,,,,,,,,48,a2,-4.32
7,,,,,,,,,49,Rxc8+,-4.05
7,,,,,,,,,50,Kg7,-4.04
7,,,,,,,,,51,Rc1,-4.0
7,,,,,,,,,52,Nxd5,-4.07
7,,,,,,,,,53,Rd1,-4.09
7,,,,,,,,,54,Nxe3,-4.44
,,,,,,,,,,
8,"Naiditsch,A",2700,"Meier,Geo",2644,2012,English,"symmetrical, hedgehog system",1/2-1/2,1,c4,0.19
8,,,,,,,,,2,Nf6,0.41
8,,,,,,,,,3,Nc3,0.06
8,,,,,,,,,4,c5,0.31
8,,,,,,,,,5,g3,0.32
8,,,,,,,,,6,e6,0.42
8,,,,,,,,,7,Nf3,0.34
8,,,,,,,,,8,b6,0.5
8,,,,,,,,,9,Bg2,0.6
8,,,,,,,,,10,Bb7,0.6
8,,,,,,,,,11,O-O,0.51
8,,,,,,,,,12,Be7,0.42
8,,,,,,,,,13,Re1,0.32
8,,,,,,,,,14,d6,0.56
8,,,,,,,,,15,e4,0.42
8,,,,,,,,,16,a6,0.74
8,,,,,,,,,17,d4,0.66
8,,,,,,,,,18,cxd4,0.72
8,,,,,,,,,19,Nxd4,0.68
8,,,,,,,,,20,Qc7,0.68
8,,,,,,,,,21,Be3,0.72
8,,,,,,,,,22,Nbd7,0.64
8,,,,,,,,,23,Rc1,0.58
8,,,,,,,,,24,Ne5,1.48
8,,,,,,,,,25,Nd5,0.68
8,,,,,,,,,26,exd5,0.54
8,,,,,,,,,27,cxd5,0.93
8,,,,,,,,,28,Qd7,0.82
8,,,,,,,,,29,Nf5,-0.85
8,,,,,,,,,30,O-O,-0.88
8,,,,,,,,,31,f4,-0.86
8,,,,,,,,,32,Ng6,-0.64
8,,,,,,,,,33,h4,-0.65
8,,,,,,,,,34,Nxd5,0.12
8,,,,,,,,,35,Bd4,0.07
8,,,,,,,,,36,Nf6,0.0
8,,,,,,,,,37,h5,-0.04
8,,,,,,,,,38,Rfe8,0.0
8,,,,,,,,,39,hxg6,-0.75
8,,,,,,,,,40,hxg6,-0.59
8,,,,,,,,,41,Nxe7+,-0.46
8,,,,,,,,,42,Rxe7,-0.47
8,,,,,,,,,43,Bxf6,-0.54
8,,,,,,,,,44,gxf6,-0.57
8,,,,,,,,,45,Qd4,-0.56
8,,,,,,,,,46,Rae8,-0.36
8,,,,,,,,,47,Kf2,-0.39
8,,,,,,,,,48,Kg7,-0.48
8,,,,,,,,,49,Rcd1,-0.92
8,,,,,,,,,50,Qb5,-0.83
8,,,,,,,,,51,Re3,-1.16
8,,,,,,,,,52,Rc7,-1.12
8,,,,,,,,,53,Rd2,-1.09
8,,,,,,,,,54,Qc5,-0.35
8,,,,,,,,,55,Qxd6,-0.62
8,,,,,,,,,56,Qxd6,-0.4
8,,,,,,,,,57,Rxd6,-0.41
8,,,,,,,,,58,Rc2+,-0.33
8,,,,,,,,,59,Re2,-0.4
8,,,,,,,,,60,Rxe2+,-0.44
8,,,,,,,,,61,Kxe2,-0.4
8,,,,,,,,,62,Bxe4,-0.35
8,,,,,,,,,63,Bxe4,-0.37
8,,,,,,,,,64,Rxe4+,-0.35
8,,,,,,,,,65,Kf3,-0.35
8,,,,,,,,,66,Re6,-0.35
8,,,,,,,,,67,Rd7,-0.34
8,,,,,,,,,68,f5,-0.33
8,,,,,,,,,69,Ra7,-0.29
8,,,,,,,,,70,a5,-0.3
8,,,,,,,,,71,Rd7,-0.28
8,,,,,,,,,72,Rc6,-0.3
8,,,,,,,,,73,Rb7,-0.32
8,,,,,,,,,74,Re6,-0.32
8,,,,,,,,,75,Rd7,-0.31
8,,,,,,,,,76,Rc6,-0.33
8,,,,,,,,,77,Rb7,-0.35
8,,,,,,,,,78,Kf6,-0.39
8,,,,,,,,,79,Ke3,-0.31
8,,,,,,,,,80,Rd6,-0.39
8,,,,,,,,,81,Ke2,-0.31
8,,,,,,,,,82,Kg7,-0.29
8,,,,,,,,,83,Ke3,-0.29
8,,,,,,,,,84,Kh6,-0.11
8,,,,,,,,,85,Rxf7,-0.15
8,,,,,,,,,86,Kh5,-0.11
8,,,,,,,,,87,Kf3,-0.1
8,,,,,,,,,88,Rd3+,-0.1
8,,,,,,,,,89,Kf2,-0.12
8,,,,,,,,,90,Kg4,-0.03
8,,,,,,,,,91,Rf6,-0.03
8,,,,,,,,,92,Rf3+,-0.03
8,,,,,,,,,93,Ke2,-0.03
8,,,,,,,,,94,Rxg3,-0.03
8,,,,,,,,,95,Rxg6+,-0.01
8,,,,,,,,,96,Kxf4,-0.03
8,,,,,,,,,97,Rxb6,-0.02
8,,,,,,,,,98,Re3+,0.0
8,,,,,,,,,99,Kf2,0.0
8,,,,,,,,,100,Rf3+,0.0
8,,,,,,,,,101,Ke2,0.0
8,,,,,,,,,102,Re3+,0.0
8,,,,,,,,,103,Kf2,-0.02
8,,,,,,,,,104,Rf3+,-0.01
8,,,,,,,,,105,Ke2,-0.01
8,,,,,,,,,106,Ke5,6.46
,,,,,,,,,,
9,"Bartel,Mat",2674,"Karjakin,Sergey",2779,2012,English opening,Unknown,0-1,1,Nf3,0.28
9,,,,,,,,,2,Nf6,0.34
9,,,,,,,,,3,c4,0.29
9,,,,,,,,,4,b6,0.46
9,,,,,,,,,5,Nc3,0.31
9,,,,,,,,,6,Bb7,0.31
9,,,,,,,,,7,d4,0.29
9,,,,,,,,,8,e6,0.21
9,,,,,,,,,9,a3,0.23
9,,,,,,,,,10,d5,0.2
9,,,,,,,,,11,cxd5,0.02
9,,,,,,,,,12,Nxd5,0.16
9,,,,,,,,,13,Qa4+,0.02
9,,,,,,,,,14,Nd7,0.22
9,,,,,,,,,15,Nxd5,0.33
9,,,,,,,,,16,Bxd5,0.25
9,,,,,,,,,17,Qc2,0.0
9,,,,,,,,,18,Bb7,0.56
9,,,,,,,,,19,e4,0.16
9,,,,,,,,,20,Be7,0.27
9,,,,,,,,,21,Bf4,0.26
9,,,,,,,,,22,Rc8,0.24
9,,,,,,,,,23,Rd1,-0.07
9,,,,,,,,,24,O-O,0.13
9,,,,,,,,,25,Bd3,-0.21
9,,,,,,,,,26,c5,-0.38
9,,,,,,,,,27,d5,-0.07
9,,,,,,,,,28,c4,-0.28
9,,,,,,,,,29,Be2,-0.26
9,,,,,,,,,30,exd5,-0.27
9,,,,,,,,,31,exd5,-0.22
9,,,,,,,,,32,Nc5,0.24
9,,,,,,,,,33,d6,0.17
9,,,,,,,,,34,Bf6,0.22
9,,,,,,,,,35,Qxc4,-1.19
9,,,,,,,,,36,Ne6,-1.12
9,,,,,,,,,37,Qb4,-1.91
9,,,,,,,,,38,Rc2,-0.56
9,,,,,,,,,39,Be3,-1.75
9,,,,,,,,,40,Rxb2,-1.87
9,,,,,,,,,41,Qc4,-1.94
9,,,,,,,,,42,Qd7,-1.93
9,,,,,,,,,43,Bd3,-3.07
9,,,,,,,,,44,Rc8,-2.77
9,,,,,,,,,45,Qg4,-2.63
9,,,,,,,,,46,Rc6,-1.94
9,,,,,,,,,47,Bf4,-2.92
9,,,,,,,,,48,Bc3+,-3.18
9,,,,,,,,,49,Kf1,-3.6
9,,,,,,,,,50,Rc5,-3.71
9,,,,,,,,,51,Ng5,-4.63
9,,,,,,,,,52,h5,-4.49
9,,,,,,,,,53,Qxh5,-5.39
9,,,,,,,,,54,Nxg5,-5.35
9,,,,,,,,,55,Bxg5,-5.11
9,,,,,,,,,56,g6,-2.59
9,,,,,,,,,57,Bxg6,-2.38
9,,,,,,,,,58,fxg6,-3.05
9,,,,,,,,,59,Qxg6+,-3.17
9,,,,,,,,,60,Bg7,-3.35
9,,,,,,,,,61,Be3,-4.21
9,,,,,,,,,62,Rd5,-3.77
9,,,,,,,,,63,Ke1,-6.2
9,,,,,,,,,64,Qxd6,-4.9
9,,,,,,,,,65,Qxd6,-4.78
9,,,,,,,,,66,Bc3+,-4.79
9,,,,,,,,,67,Kf1,-6.28
9,,,,,,,,,68,Rxd6,-6.14
,,,,,,,,,,
10,"Fridman,D",2655,"Leko,P",2730,2012,Catalan,"closed, 5.Nf3",1/2-1/2,1,d4,0.28
10,,,,,,,,,2,Nf6,0.34
10,,,,,,,,,3,Nf3,0.38
10,,,,,,,,,4,e6,0.35
10,,,,,,,,,5,g3,0.21
10,,,,,,,,,6,d5,0.44
10,,,,,,,,,7,Bg2,0.39
10,,,,,,,,,8,Be7,0.35
10,,,,,,,,,9,c4,0.42
10,,,,,,,,,10,O-O,0.42
10,,,,,,,,,11,O-O,0.39
10,,,,,,,,,12,dxc4,0.26
10,,,,,,,,,13,Qa4,0.14
10,,,,,,,,,14,a6,0.37
10,,,,,,,,,15,Qxc4,0.26
10,,,,,,,,,16,b5,0.25
10,,,,,,,,,17,Qc2,0.19
10,,,,,,,,,18,Bb7,0.14
10,,,,,,,,,19,Bd2,0.17
10,,,,,,,,,20,Bd6,0.32
10,,,,,,,,,21,Bg5,0.25
10,,,,,,,,,22,Nbd7,0.28
10,,,,,,,,,23,Nbd2,0.11
10,,,,,,,,,24,Rc8,0.21
10,,,,,,,,,25,Bxf6,0.07
10,,,,,,,,,26,Nxf6,0.11
10,,,,,,,,,27,Nb3,0.09
10,,,,,,,,,28,c5,0.11
10,,,,,,,,,29,Nxc5,0.01
10,,,,,,,,,30,Be4,0.0
10,,,,,,,,,31,Qc3,0.02
10,,,,,,,,,32,e5,0.0
10,,,,,,,,,33,Qe1,-0.21
10,,,,,,,,,34,Bxc5,-0.19
10,,,,,,,,,35,dxc5,-0.12
10,,,,,,,,,36,Rxc5,-0.2
10,,,,,,,,,37,Rc1,-0.15
10,,,,,,,,,38,Rxc1,-0.11
10,,,,,,,,,39,Qxc1,-0.1
10,,,,,,,,,40,Qd5,-0.08
10,,,,,,,,,41,a3,-0.06
10,,,,,,,,,42,Rd8,-0.05
10,,,,,,,,,43,Qc3,-0.04
10,,,,,,,,,44,Bxf3,0.02
10,,,,,,,,,45,exf3,0.02
10,,,,,,,,,46,Qd2,0.12
10,,,,,,,,,47,Qc7,0.03
10,,,,,,,,,48,Re8,0.09
10,,,,,,,,,49,Qc1,0.05
10,,,,,,,,,50,Rd8,0.0
10,,,,,,,,,51,Qc7,0.0
10,,,,,,,,,52,Re8,0.07
10,,,,,,,,,53,Qc1,0.06
10,,,,,,,,,54,Rd8,0.03
,,,,,,,,,,
11,"Karjakin,Sergey",2779,"Naiditsch,A",2700,2012,Ruy Lopez,"Berlin defence, open variation",1/2-1/2,1,e4,0.33
11,,,,,,,,,2,e5,0.23
11,,,,,,,,,3,Nf3,0.32
11,,,,,,,,,4,Nc6,0.29
11,,,,,,,,,5,Bb5,0.19
11,,,,,,,,,6,Nf6,0.48
11,,,,,,,,,7,O-O,0.35
11,,,,,,,,,8,Nxe4,0.32
11,,,,,,,,,9,d4,0.0
11,,,,,,,,,10,Nd6,-0.06
11,,,,,,,,,11,Bxc6,0.08
11,,,,,,,,,12,dxc6,0.01
11,,,,,,,,,13,dxe5,0.0
11,,,,,,,,,14,Nf5,0.07
11,,,,,,,,,15,Qxd8+,0.02
11,,,,,,,,,16,Kxd8,0.14
11,,,,,,,,,17,Nc3,-0.15
11,,,,,,,,,18,Ke8,0.22
11,,,,,,,,,19,h3,0.27
11,,,,,,,,,20,h5,0.25
11,,,,,,,,,21,Bf4,0.14
11,,,,,,,,,22,Be7,0.25
11,,,,,,,,,23,Rad1,0.18
11,,,,,,,,,24,Be6,0.22
11,,,,,,,,,25,Ng5,0.22
11,,,,,,,,,26,Rh6,0.13
11,,,,,,,,,27,g3,0.24
11,,,,,,,,,28,Bxg5,0.45
11,,,,,,,,,29,Bxg5,0.52
11,,,,,,,,,30,Rg6,0.46
11,,,,,,,,,31,h4,0.26
11,,,,,,,,,32,f6,0.31
11,,,,,,,,,33,exf6,0.28
11,,,,,,,,,34,gxf6,0.08
11,,,,,,,,,35,Bf4,0.11
11,,,,,,,,,36,Nxh4,0.3
11,,,,,,,,,37,f3,0.3
11,,,,,,,,,38,Rd8,0.38
11,,,,,,,,,39,Rxd8+,0.17
11,,,,,,,,,40,Kxd8,0.25
11,,,,,,,,,41,Kf2,0.11
11,,,,,,,,,42,Nf5,0.18
11,,,,,,,,,43,Rh1,0.15
11,,,,,,,,,44,Ng7,0.19
11,,,,,,,,,45,b3,0.07
11,,,,,,,,,46,Bf5,0.12
11,,,,,,,,,47,Nd1,0.07
11,,,,,,,,,48,Bd7,0.17
11,,,,,,,,,49,c4,0.09
11,,,,,,,,,50,Be8,0.14
11,,,,,,,,,51,Bd2,0.09
11,,,,,,,,,52,Nf5,0.11
11,,,,,,,,,53,Bf4,0.1
11,,,,,,,,,54,Ng7,0.05
11,,,,,,,,,55,Ne3,0.1
11,,,,,,,,,56,Ne6,0.06
11,,,,,,,,,57,Rxh5,0.07
11,,,,,,,,,58,Nxf4,0.07
11,,,,,,,,,59,gxf4,0.07
11,,,,,,,,,60,Rg2+,0.03
11,,,,,,,,,61,Kxg2,0.07
11,,,,,,,,,62,Bxh5,0.04
11,,,,,,,,,63,b4,0.01
11,,,,,,,,,64,Kd7,0.01
11,,,,,,,,,65,c5,0.0
11,,,,,,,,,66,Ke6,0.02
11,,,,,,,,,67,Kg3,0.0
11,,,,,,,,,68,b6,0.03
11,,,,,,,,,69,a3,0.0
11,,,,,,,,,70,f5,0.13
11,,,,,,,,,71,Kf2,0.12
11,,,,,,,,,72,Bg6,0.26
11,,,,,,,,,73,Ke2,0.17
11,,,,,,,,,74,Bh5,0.21
11,,,,,,,,,75,Kf2,0.21
11,,,,,,,,,76,Bg6,0.21
11,,,,,,,,,77,Kg2,0.16
11,,,,,,,,,78,Bf7,0.1
11,,,,,,,,,79,Kh3,0.15
11,,,,,,,,,80,Bh5,0.23
11,,,,,,,,,81,Kg3,0.22
11,,,,,,,,,82,Kf6,0.39
11,,,,,,,,,83,Nc2,0.33
11,,,,,,,,,84,Be8,0.32
11,,,,,,,,,85,Nd4,0.2
11,,,,,,,,,86,Bd7,0.21
11,,,,,,,,,87,Kf2,0.18
11,,,,,,,,,88,b5,0.18
11,,,,,,,,,89,Kg3,0.18
11,,,,,,,,,90,Kg7,0.21
11,,,,,,,,,91,Kf2,0.19
11,,,,,,,,,92,Kf6,0.21
11,,,,,,,,,93,Ke3,0.31
11,,,,,,,,,94,Be8,0.23
11,,,,,,,,,95,Kd2,0.18
11,,,,,,,,,96,Bd7,0.18
11,,,,,,,,,97,Kc3,0.17
11,,,,,,,,,98,Be8,0.18
11,,,,,,,,,99,Kb2,0.27
11,,,,,,,,,100,Bd7,0.18
11,,,,,,,,,101,a4,0.18
11,,,,,,,,,102,a6,0.2
11,,,,,,,,,103,a5,0.21
11,,,,,,,,,104,Be8,0.21
11,,,,,,,,,105,Kc3,0.34
11,,,,,,,,,106,Bd7,0.29
11,,,,,,,,,107,Nc2,0.29
11,,,,,,,,,108,Be6,0.15
11,,,,,,,,,109,Ne1,0.16
11,,,,,,,,,110,Bc4,0.28
11,,,,,,,,,111,Nd3,0.0
11,,,,,,,,,112,Bxd3,0.0
11,,,,,,,,,113,Kxd3,0.0
11,,,,,,,,,114,Ke6,0.0
11,,,,,,,,,115,Kd4,0.0
11,,,,,,,,,116,Kf6,0.0
11,,,,,,,,,117,Kd3,0.0
11,,,,,,,,,118,Ke6,0.0
,,,,,,,,,,
12,"Kramnik,V",2799,"Bartel,Mat",2674,2012,English,Sicilian reversed,1-0,1,c4,0.19
12,,,,,,,,,2,e5,0.19
12,,,,,,,,,3,Nc3,0.13
12,,,,,,,,,4,Nc6,0.3
12,,,,,,,,,5,g3,0.31
12,,,,,,,,,6,f5,0.39
12,,,,,,,,,7,Bg2,0.32
12,,,,,,,,,8,Nf6,0.36
12,,,,,,,,,9,e3,0.05
12,,,,,,,,,10,d5,0.8
12,,,,,,,,,11,Nxd5,0.08
12,,,,,,,,,12,Nxd5,0.62
12,,,,,,,,,13,cxd5,0.37
12,,,,,,,,,14,Nb4,0.19
12,,,,,,,,,15,d3,0.21
12,,,,,,,,,16,Nxd5,0.34
12,,,,,,,,,17,Nf3,0.35
12,,,,,,,,,18,Bb4+,0.77
12,,,,,,,,,19,Bd2,0.7
12,,,,,,,,,20,Bxd2+,0.78
12,,,,,,,,,21,Qxd2,0.82
12,,,,,,,,,22,Qd6,0.79
12,,,,,,,,,23,O-O,0.69
12,,,,,,,,,24,O-O,0.85
12,,,,,,,,,25,e4,0.67
12,,,,,,,,,26,Ne7,0.61
12,,,,,,,,,27,d4,0.45
12,,,,,,,,,28,fxe4,0.92
12,,,,,,,,,29,Nxe5,0.66
12,,,,,,,,,30,Bf5,0.48
12,,,,,,,,,31,Qc3,0.49
12,,,,,,,,,32,Rad8,0.49
12,,,,,,,,,33,Rac1,0.44
12,,,,,,,,,34,Nd5,0.33
12,,,,,,,,,35,Qb3,0.28
12,,,,,,,,,36,Qb6,0.36
12,,,,,,,,,37,Qxb6,0.28
12,,,,,,,,,38,axb6,0.78
12,,,,,,,,,39,Rfe1,0.65
12,,,,,,,,,40,c6,0.73
12,,,,,,,,,41,Bxe4,0.7
12,,,,,,,,,42,Bxe4,0.55
12,,,,,,,,,43,Rxe4,0.64
12,,,,,,,,,44,Nf6,0.71
12,,,,,,,,,45,Rf4,0.75
12,,,,,,,,,46,Rfe8,0.82
12,,,,,,,,,47,Kf1,0.58
12,,,,,,,,,48,Nd5,1.07
12,,,,,,,,,49,Rf3,0.82
12,,,,,,,,,50,Nb4,1.1
12,,,,,,,,,51,Rc4,1.01
12,,,,,,,,,52,Na6,1.08
12,,,,,,,,,53,Re3,1.13
12,,,,,,,,,54,b5,1.09
12,,,,,,,,,55,Rc1,1.0
12,,,,,,,,,56,Nb4,1.04
12,,,,,,,,,57,a3,1.13
12,,,,,,,,,58,Nd5,1.11
12,,,,,,,,,59,Re2,1.3
12,,,,,,,,,60,Nb6,1.21
12,,,,,,,,,61,b3,0.57
12,,,,,,,,,62,Rf8,0.94
12,,,,,,,,,63,Nd3,0.87
12,,,,,,,,,64,Rxd4,1.75
12,,,,,,,,,65,Nc5,1.78
12,,,,,,,,,66,Rb8,2.09
12,,,,,,,,,67,Re7,1.92
12,,,,,,,,,68,Nd5,2.22
12,,,,,,,,,69,Rxb7,1.93
12,,,,,,,,,70,Rxb7,1.83
12,,,,,,,,,71,Nxb7,1.68
12,,,,,,,,,72,Ne7,1.62
12,,,,,,,,,73,Ke2,1.49
12,,,,,,,,,74,Rd7,1.37
12,,,,,,,,,75,Nc5,1.37
12,,,,,,,,,76,Ra7,1.49
12,,,,,,,,,77,Ra1,1.61
12,,,,,,,,,78,Nd5,1.93
12,,,,,,,,,79,Kd3,1.97
12,,,,,,,,,80,Nb6,2.11
12,,,,,,,,,81,Kd4,2.07
12,,,,,,,,,82,Kf7,2.15
12,,,,,,,,,83,f4,2.36
12,,,,,,,,,84,Ra8,2.75
12,,,,,,,,,85,Nb7,2.76
12,,,,,,,,,86,Nd7,2.83
12,,,,,,,,,87,a4,2.76
12,,,,,,,,,88,bxa4,2.88
12,,,,,,,,,89,bxa4,2.75
12,,,,,,,,,90,Kf6,2.92
12,,,,,,,,,91,a5,2.71
12,,,,,,,,,92,Kf5,3.33
12,,,,,,,,,93,h3,3.0
12,,,,,,,,,94,h5,2.7
12,,,,,,,,,95,Nd6+,2.85
12,,,,,,,,,96,Ke6,3.08
12,,,,,,,,,97,Ne4,3.15
12,,,,,,,,,98,Kf5,3.83
12,,,,,,,,,99,a6,3.81
,,,,,,,,,,
13,"Meier,Geo",2644,"Ponomariov,R",2726,2012,QGD Slav,4.e3 Bf5,0-1,1,Nf3,0.28
13,,,,,,,,,2,d5,0.33
13,,,,,,,,,3,d4,0.3
13,,,,,,,,,4,Nf6,0.25
13,,,,,,,,,5,c4,0.18
13,,,,,,,,,6,c6,0.28
13,,,,,,,,,7,e3,0.34
13,,,,,,,,,8,Bf5,0.35
13,,,,,,,,,9,Nc3,0.37
13,,,,,,,,,10,e6,0.35
13,,,,,,,,,11,Nh4,0.32
13,,,,,,,,,12,Bg6,0.36
13,,,,,,,,,13,Be2,0.22
13,,,,,,,,,14,Nbd7,0.27
13,,,,,,,,,15,O-O,0.33
13,,,,,,,,,16,dxc4,0.36
13,,,,,,,,,17,Nxg6,0.26
13,,,,,,,,,18,hxg6,0.4
13,,,,,,,,,19,Bxc4,0.42
13,,,,,,,,,20,Qc7,0.43
13,,,,,,,,,21,h3,0.39
13,,,,,,,,,22,g5,0.35
13,,,,,,,,,23,Be2,0.39
13,,,,,,,,,24,e5,0.48
13,,,,,,,,,25,Bd2,0.4
13,,,,,,,,,26,Rd8,0.41
13,,,,,,,,,27,Rc1,0.35
13,,,,,,,,,28,Nb6,0.36
13,,,,,,,,,29,Re1,0.24
13,,,,,,,,,30,Be7,0.24
13,,,,,,,,,31,a4,0.24
13,,,,,,,,,32,a6,0.17
13,,,,,,,,,33,a5,-0.02
13,,,,,,,,,34,Nbd5,0.08
13,,,,,,,,,35,Nxd5,0.12
13,,,,,,,,,36,Rxd5,0.05
13,,,,,,,,,37,Bc4,0.16
13,,,,,,,,,38,Rd7,0.43
13,,,,,,,,,39,Qb3,-0.07
13,,,,,,,,,40,O-O,0.38
13,,,,,,,,,41,d5,0.42
13,,,,,,,,,42,Ne4,0.35
13,,,,,,,,,43,Qd3,0.06
13,,,,,,,,,44,Nxd2,0.14
13,,,,,,,,,45,Qxd2,0.0
13,,,,,,,,,46,e4,0.0
13,,,,,,,,,47,Red1,-0.03
13,,,,,,,,,48,Rfd8,-0.05
13,,,,,,,,,49,Qe2,-0.11
13,,,,,,,,,50,c5,0.03
13,,,,,,,,,51,b4,0.0
13,,,,,,,,,52,Qe5,-0.02
13,,,,,,,,,53,b5,-0.05
13,,,,,,,,,54,Bd6,0.0
13,,,,,,,,,55,Qg4,-0.14
13,,,,,,,,,56,axb5,-0.06
13,,,,,,,,,57,Bxb5,-0.1
13,,,,,,,,,58,Re7,0.03
13,,,,,,,,,59,g3,0.04
13,,,,,,,,,60,g6,0.06
13,,,,,,,,,61,Kg2,-0.06
13,,,,,,,,,62,Kg7,0.12
13,,,,,,,,,63,Rh1,-0.9
13,,,,,,,,,64,Rh8,-0.77
13,,,,,,,,,65,Be2,-1.15
13,,,,,,,,,66,Rh5,-1.28
13,,,,,,,,,67,Qc8,-1.73
13,,,,,,,,,68,Rc7,-1.74
13,,,,,,,,,69,Qa8,-2.05
13,,,,,,,,,70,Rh8,-1.85
13,,,,,,,,,71,Qa7,-1.83
13,,,,,,,,,72,f5,-1.87
13,,,,,,,,,73,Qb6,-2.21
13,,,,,,,,,74,f4,-2.32
13,,,,,,,,,75,exf4,-2.65
13,,,,,,,,,76,gxf4,-2.57
13,,,,,,,,,77,gxf4,-2.51
13,,,,,,,,,78,Qxf4,-2.62
13,,,,,,,,,79,Qb3,-2.61
13,,,,,,,,,80,Rf8,-2.71
13,,,,,,,,,81,Qe3,-2.82
13,,,,,,,,,82,Qf6,-2.05
13,,,,,,,,,83,Rc4,-2.07
13,,,,,,,,,84,Bf4,-1.21
13,,,,,,,,,85,Qxe4,-1.09
13,,,,,,,,,86,Re7,-1.17
13,,,,,,,,,87,Qd3,-1.47
13,,,,,,,,,88,Bd6,-1.37
13,,,,,,,,,89,f4,-2.76
13,,,,,,,,,90,Rfe8,-3.19
13,,,,,,,,,91,Bg4,-3.6
13,,,,,,,,,92,Re3,-3.92
13,,,,,,,,,93,Qc2,-4.06
13,,,,,,,,,94,Bxf4,-4.26
13,,,,,,,,,95,Rb1,-5.21
13,,,,,,,,,96,Rg3+,-4.94
13,,,,,,,,,97,Kh1,-5.08
13,,,,,,,,,98,Rxg4,-5.14
13,,,,,,,,,99,hxg4,-6.79
13,,,,,,,,,100,Qh4+,-M12
13,,,,,,,,,101,Kg1,-M12
13,,,,,,,,,102,Qxg4+,-6.23
13,,,,,,,,,103,Kf1,-7.24
13,,,,,,,,,104,Qh3+,-10.88
,,,,,,,,,,
14,"Caruana,F",2775,"Fridman,D",2655,2012,Caro-Kann,advance variation,1-0,1,e4,0.33
14,,,,,,,,,2,c6,0.38
14,,,,,,,,,3,d4,0.35
14,,,,,,,,,4,d5,0.38
14,,,,,,,,,5,e5,0.43
14,,,,,,,,,6,Bf5,0.49
14,,,,,,,,,7,Nf3,0.31
14,,,,,,,,,8,e6,0.16
14,,,,,,,,,9,Be2,0.15
14,,,,,,,,,10,c5,0.18
14,,,,,,,,,11,Be3,0.32
14,,,,,,,,,12,cxd4,0.67
14,,,,,,,,,13,Nxd4,0.61
14,,,,,,,,,14,Ne7,0.59
14,,,,,,,,,15,Nd2,0.35
14,,,,,,,,,16,Nbc6,0.36
14,,,,,,,,,17,N2f3,0.35
14,,,,,,,,,18,Be4,0.34
14,,,,,,,,,19,O-O,0.25
14,,,,,,,,,20,Ng6,0.79
14,,,,,,,,,21,Nd2,0.43
14,,,,,,,,,22,Ngxe5,0.35
14,,,,,,,,,23,Nxe4,0.41
14,,,,,,,,,24,dxe4,0.46
14,,,,,,,,,25,c3,0.42
14,,,,,,,,,26,Bd6,0.41
14,,,,,,,,,27,Qa4,0.44
14,,,,,,,,,28,Qa5,0.48
14,,,,,,,,,29,Qb3,0.48
14,,,,,,,,,30,Bc7,0.49
14,,,,,,,,,31,Qxb7,0.0
14,,,,,,,,,32,Rb8,0.49
14,,,,,,,,,33,Qa6,0.45
14,,,,,,,,,34,Nxd4,0.3
14,,,,,,,,,35,Bxd4,0.28
14,,,,,,,,,36,Qxa6,0.3
14,,,,,,,,,37,Bxa6,0.43
14,,,,,,,,,38,Rxb2,0.28
14,,,,,,,,,39,Rfb1,0.31
14,,,,,,,,,40,Rxb1+,0.31
14,,,,,,,,,41,Rxb1,0.37
14,,,,,,,,,42,Kd7,0.35
14,,,,,,,,,43,a4,0.14
14,,,,,,,,,44,Nc6,0.45
14,,,,,,,,,45,Bxg7,0.41
14,,,,,,,,,46,Rb8,0.35
14,,,,,,,,,47,Bb5,0.32
14,,,,,,,,,48,Bd6,0.38
14,,,,,,,,,49,Rd1,0.39
14,,,,,,,,,50,Kc7,0.5
14,,,,,,,,,51,Bh6,0.37
14,,,,,,,,,52,Be5,0.64
14,,,,,,,,,53,Be3,0.65
14,,,,,,,,,54,f5,0.56
14,,,,,,,,,55,g3,0.41
14,,,,,,,,,56,Bd6,0.78
14,,,,,,,,,57,c4,0.73
14,,,,,,,,,58,Ra8,0.77
14,,,,,,,,,59,a5,0.76
14,,,,,,,,,60,e5,1.28
14,,,,,,,,,61,c5,0.75
14,,,,,,,,,62,Bf8,0.69
14,,,,,,,,,63,Rd5,0.77
14,,,,,,,,,64,Re8,1.72
14,,,,,,,,,65,a6,1.74
14,,,,,,,,,66,Re6,1.7
14,,,,,,,,,67,Kg2,1.67
14,,,,,,,,,68,Bg7,1.94
14,,,,,,,,,69,Bd2,1.28
14,,,,,,,,,70,Rg6,1.81
14,,,,,,,,,71,h4,2.01
14,,,,,,,,,72,h5,2.32
14,,,,,,,,,73,Kf1,1.6
14,,,,,,,,,74,Re6,2.1
14,,,,,,,,,75,Be2,1.77
14,,,,,,,,,76,Nd4,1.14
14,,,,,,,,,77,Rd6,0.93
14,,,,,,,,,78,Rxd6,1.43
14,,,,,,,,,79,cxd6+,1.23
14,,,,,,,,,80,Kxd6,1.19
14,,,,,,,,,81,Bxh5,1.3
14,,,,,,,,,82,Kc6,1.26
14,,,,,,,,,83,Be2,1.1
14,,,,,,,,,84,Nxe2,2.06
14,,,,,,,,,85,Kxe2,1.97
14,,,,,,,,,86,Kb5,2.3
14,,,,,,,,,87,h5,2.78
14,,,,,,,,,88,Kxa6,2.84
14,,,,,,,,,89,h6,2.94
14,,,,,,,,,90,Bf8,3.34
14,,,,,,,,,91,h7,3.69
14,,,,,,,,,92,Bg7,3.94
14,,,,,,,,,93,g4,2.52
14,,,,,,,,,94,fxg4,3.21
14,,,,,,,,,95,Ke3,3.18
14,,,,,,,,,96,Kb5,3.18
14,,,,,,,,,97,Kxe4,3.2
14,,,,,,,,,98,Kc6,3.2
14,,,,,,,,,99,Kf5,3.18
14,,,,,,,,,100,e4,4.92
14,,,,,,,,,101,Kxe4,4.88
14,,,,,,,,,102,Kd7,5.33
14,,,,,,,,,103,Kf5,4.46
,,,,,,,,,,
15,"Leko,P",2730,"Gustafsson,J",2629,2012,Ruy Lopez,closed defence,1-0,1,e4,0.33
15,,,,,,,,,2,e5,0.23
15,,,,,,,,,3,Nf3,0.32
15,,,,,,,,,4,Nc6,0.29
15,,,,,,,,,5,Bb5,0.19
15,,,,,,,,,6,a6,0.4
15,,,,,,,,,7,Ba4,0.33
15,,,,,,,,,8,Nf6,0.39
15,,,,,,,,,9,O-O,0.39
15,,,,,,,,,10,Be7,0.5
15,,,,,,,,,11,d3,0.43
15,,,,,,,,,12,d6,0.5
15,,,,,,,,,13,c3,0.42
15,,,,,,,,,14,O-O,0.42
15,,,,,,,,,15,Re1,0.38
15,,,,,,,,,16,Re8,0.45
15,,,,,,,,,17,Nbd2,0.39
15,,,,,,,,,18,Bf8,0.46
15,,,,,,,,,19,d4,0.37
15,,,,,,,,,20,b5,0.41
15,,,,,,,,,21,Bc2,0.3
15,,,,,,,,,22,Bg4,0.77
15,,,,,,,,,23,h3,0.86
15,,,,,,,,,24,Bh5,0.88
15,,,,,,,,,25,d5,0.92
15,,,,,,,,,26,Ne7,0.94
15,,,,,,,,,27,Nf1,0.9
15,,,,,,,,,28,h6,0.93
15,,,,,,,,,29,a4,0.7
15,,,,,,,,,30,c6,0.56
15,,,,,,,,,31,dxc6,0.71
15,,,,,,,,,32,Nxc6,0.96
15,,,,,,,,,33,Ng3,0.67
15,,,,,,,,,34,Bxf3,0.93
15,,,,,,,,,35,Qxf3,0.83
15,,,,,,,,,36,b4,0.89
15,,,,,,,,,37,Nf5,0.97
15,,,,,,,,,38,bxc3,0.92
15,,,,,,,,,39,bxc3,0.96
15,,,,,,,,,40,Na5,1.09
15,,,,,,,,,41,Rd1,1.18
15,,,,,,,,,42,Re6,1.24
15,,,,,,,,,43,Ba3,0.93
15,,,,,,,,,44,g6,1.42
15,,,,,,,,,45,Ne3,1.41
15,,,,,,,,,46,Kg7,1.32
15,,,,,,,,,47,Bb4,1.21
15,,,,,,,,,48,Ra7,1.21
15,,,,,,,,,49,Rab1,1.17
15,,,,,,,,,50,Re8,1.34
15,,,,,,,,,51,Rd2,1.32
15,,,,,,,,,52,Nc6,2.13
15,,,,,,,,,53,Bc5,2.09
15,,,,,,,,,54,Rd7,2.22
15,,,,,,,,,55,Bb6,2.29
15,,,,,,,,,56,Qa8,2.47
15,,,,,,,,,57,a5,2.32
15,,,,,,,,,58,Rc8,2.41
15,,,,,,,,,59,Rbd1,1.91
15,,,,,,,,,60,Nb8,2.42
15,,,,,,,,,61,Nd5,2.15
15,,,,,,,,,62,Nxd5,2.09
15,,,,,,,,,63,Rxd5,2.22
15,,,,,,,,,64,Qc6,2.45
15,,,,,,,,,65,R5d3,2.32
15,,,,,,,,,66,Rb7,2.54
15,,,,,,,,,67,Bb3,2.71
15,,,,,,,,,68,Qe8,2.67
15,,,,,,,,,69,Bd5,2.75
15,,,,,,,,,70,Re7,2.72
15,,,,,,,,,71,Qe2,2.73
15,,,,,,,,,72,Nd7,2.77
15,,,,,,,,,73,Rf3,2.68
15,,,,,,,,,74,Nc5,2.86
15,,,,,,,,,75,Ra1,2.79
15,,,,,,,,,76,Na4,2.96
15,,,,,,,,,77,Qc2,3.3
15,,,,,,,,,78,Nc5,3.34
15,,,,,,,,,79,Qe2,3.51
15,,,,,,,,,80,Na4,3.1
15,,,,,,,,,81,Qxa6,2.76
15,,,,,,,,,82,Nxc3,2.97
15,,,,,,,,,83,Qd3,2.97
15,,,,,,,,,84,Nxd5,2.9
15,,,,,,,,,85,Qxd5,2.69
15,,,,,,,,,86,Qc6,3.33
15,,,,,,,,,87,Rb3,2.98
15,,,,,,,,,88,Qxd5,3.19
15,,,,,,,,,89,exd5,3.29
,,,,,,,,,,
16,"Leko,P",2730,"Caruana,F",2775,2012,French,"Winawer, advance, poisoned pawn, Konstantinopolsky variation",1/2-1/2,1,e4,0.33
16,,,,,,,,,2,e6,0.61
16,,,,,,,,,3,d4,0.48
16,,,,,,,,,4,d5,0.4
16,,,,,,,,,5,Nc3,0.29
16,,,,,,,,,6,Bb4,0.68
16,,,,,,,,,7,e5,0.63
16,,,,,,,,,8,c5,0.67
16,,,,,,,,,9,a3,0.67
16,,,,,,,,,10,Bxc3+,0.67
16,,,,,,,,,11,bxc3,0.7
16,,,,,,,,,12,Ne7,0.59
16,,,,,,,,,13,Qg4,0.42
16,,,,,,,,,14,cxd4,0.51
16,,,,,,,,,15,Qxg7,0.5
16,,,,,,,,,16,Rg8,0.66
16,,,,,,,,,17,Qxh7,0.67
16,,,,,,,,,18,Qc7,0.59
16,,,,,,,,,19,Ne2,0.6
16,,,,,,,,,20,Nbc6,0.75
16,,,,,,,,,21,f4,0.73
16,,,,,,,,,22,dxc3,0.78
16,,,,,,,,,23,Qd3,0.69
16,,,,,,,,,24,d4,0.89
16,,,,,,,,,25,Nxd4,0.9
16,,,,,,,,,26,Nxd4,0.88
16,,,,,,,,,27,Qxd4,0.92
16,,,,,,,,,28,Bd7,0.57
16,,,,,,,,,29,Rg1,0.94
16,,,,,,,,,30,Nf5,0.78
16,,,,,,,,,31,Qf2,0.89
16,,,,,,,,,32,Qc6,1.02
16,,,,,,,,,33,Bd3,0.92
16,,,,,,,,,34,Qd5,0.9
16,,,,,,,,,35,Rb1,0.82
16,,,,,,,,,36,Bc6,0.89
16,,,,,,,,,37,Rb3,0.79
16,,,,,,,,,38,O-O-O,0.91
16,,,,,,,,,39,Rxc3,0.97
16,,,,,,,,,40,Kb8,1.15
16,,,,,,,,,41,g4,0.94
16,,,,,,,,,42,Nd4,1.03
16,,,,,,,,,43,Rg3,0.87
16,,,,,,,,,44,Qh1+,1.0
16,,,,,,,,,45,Bf1,1.04
16,,,,,,,,,46,b6,1.08
16,,,,,,,,,47,Bb2,0.8
16,,,,,,,,,48,Be4,1.16
16,,,,,,,,,49,a4,0.0
16,,,,,,,,,50,Rd5,0.0
16,,,,,,,,,51,Ba3,0.0
16,,,,,,,,,52,Rc8,0.0
16,,,,,,,,,53,Bd6+,0.0
16,,,,,,,,,54,Kb7,0.0
16,,,,,,,,,55,Rxc8,0.0
16,,,,,,,,,56,Nf3+,0.0
16,,,,,,,,,57,Ke2,2.96
16,,,,,,,,,58,Rd2+,3.0
16,,,,,,,,,59,Ke3,3.08
16,,,,,,,,,60,Kxc8,3.4
16,,,,,,,,,61,Rg1,1.01
16,,,,,,,,,62,Nxg1,0.95
16,,,,,,,,,63,Kxd2,0.73
16,,,,,,,,,64,Nf3+,0.97
16,,,,,,,,,65,Kc3,0.78
16,,,,,,,,,66,Nxh2,1.1
16,,,,,,,,,67,Be2,0.96
16,,,,,,,,,68,Qa1+,0.83
16,,,,,,,,,69,Kd2,1.21
16,,,,,,,,,70,Qh1,1.02
16,,,,,,,,,71,Qg3,-0.06
16,,,,,,,,,72,Nf1+,-0.06
16,,,,,,,,,73,Bxf1,-0.04
16,,,,,,,,,74,Qxf1,-0.07
16,,,,,,,,,75,Qe3,-0.02
16,,,,,,,,,76,Qg2+,-0.02
16,,,,,,,,,77,Qe2,-0.02
16,,,,,,,,,78,Qxe2+,-0.03
16,,,,,,,,,79,Kxe2,-0.01
16,,,,,,,,,80,Bxc2,-0.03
16,,,,,,,,,81,a5,-0.01
16,,,,,,,,,82,bxa5,-0.02
16,,,,,,,,,83,Kd2,-0.03
16,,,,,,,,,84,Bg6,0.0
,,,,,,,,,,
17,"Naiditsch,A",2700,"Kramnik,V",2799,2012,Petrov,"modern attack, Symmetrical variation",1/2-1/2,1,e4,0.33
17,,,,,,,,,2,e5,0.23
17,,,,,,,,,3,Nf3,0.32
17,,,,,,,,,4,Nf6,0.49
17,,,,,,,,,5,d4,0.26
17,,,,,,,,,6,Nxe4,0.23
17,,,,,,,,,7,Bd3,0.23
17,,,,,,,,,8,d5,0.37
17,,,,,,,,,9,Nxe5,0.27
17,,,,,,,,,10,Nd7,0.31
17,,,,,,,,,11,Nxd7,0.38
17,,,,,,,,,12,Bxd7,0.34
17,,,,,,,,,13,O-O,0.35
17,,,,,,,,,14,Bd6,0.37
17,,,,,,,,,15,Nc3,0.35
17,,,,,,,,,16,Qh4,0.66
17,,,,,,,,,17,g3,0.5
17,,,,,,,,,18,Nxc3,0.51
17,,,,,,,,,19,bxc3,0.49
17,,,,,,,,,20,Qg4,0.48
17,,,,,,,,,21,Re1+,0.45
17,,,,,,,,,22,Kf8,0.56
17,,,,,,,,,23,Be2,0.48
17,,,,,,,,,24,Qg6,0.63
17,,,,,,,,,25,c4,0.19
17,,,,,,,,,26,dxc4,0.0
17,,,,,,,,,27,Bxc4,0.0
17,,,,,,,,,28,h5,0.0
17,,,,,,,,,29,Qf3,-0.12
17,,,,,,,,,30,h4,0.14
17,,,,,,,,,31,Qxb7,0.2
17,,,,,,,,,32,Re8,0.21
17,,,,,,,,,33,Rxe8+,0.0
17,,,,,,,,,34,Bxe8,0.0
17,,,,,,,,,35,Bd3,0.0
17,,,,,,,,,36,Qh5,0.05
17,,,,,,,,,37,Qe4,0.0
17,,,,,,,,,38,hxg3,-0.3
17,,,,,,,,,39,hxg3,-0.35
17,,,,,,,,,40,Qd1+,-0.19
17,,,,,,,,,41,Bf1,-0.27
17,,,,,,,,,42,Qh5,-0.02
17,,,,,,,,,43,Bd3,-0.08
17,,,,,,,,,44,Qd1+,0.0
17,,,,,,,,,45,Bf1,0.0
17,,,,,,,,,46,Qh5,0.0
17,,,,,,,,,47,Bd3,-0.1
,,,,,,,,,,
18,"Ponomariov,R",2726,"Karjakin,Sergey",2779,2012,Ruy Lopez,"Berlin defence, open variation",1/2-1/2,1,e4,0.33
18,,,,,,,,,2,e5,0.23
18,,,,,,,,,3,Nf3,0.32
18,,,,,,,,,4,Nc6,0.29
18,,,,,,,,,5,Bb5,0.19
18,,,,,,,,,6,Nf6,0.48
18,,,,,,,,,7,O-O,0.35
18,,,,,,,,,8,Nxe4,0.32
18,,,,,,,,,9,Re1,0.24
18,,,,,,,,,10,Nd6,0.22
18,,,,,,,,,11,Nxe5,0.25
18,,,,,,,,,12,Be7,0.24
18,,,,,,,,,13,Bf1,0.2
18,,,,,,,,,14,Nxe5,0.28
18,,,,,,,,,15,Rxe5,0.26
18,,,,,,,,,16,O-O,0.29
18,,,,,,,,,17,Nc3,0.23
18,,,,,,,,,18,Bf6,0.16
18,,,,,,,,,19,Re1,0.16
18,,,,,,,,,20,c6,0.56
18,,,,,,,,,21,d4,0.46
18,,,,,,,,,22,Nf5,0.53
18,,,,,,,,,23,d5,0.42
18,,,,,,,,,24,d6,0.41
18,,,,,,,,,25,Ne4,0.28
18,,,,,,,,,26,Be7,0.79
18,,,,,,,,,27,c3,0.7
18,,,,,,,,,28,Nh4,0.78
18,,,,,,,,,29,g3,0.36
18,,,,,,,,,30,Ng6,0.42
18,,,,,,,,,31,f4,0.25
18,,,,,,,,,32,f5,0.75
18,,,,,,,,,33,Nf2,0.57
18,,,,,,,,,34,c5,0.53
18,,,,,,,,,35,Bd2,0.58
18,,,,,,,,,36,Bf6,0.58
18,,,,,,,,,37,Qc2,0.47
18,,,,,,,,,38,Ne7,0.51
18,,,,,,,,,39,c4,0.51
18,,,,,,,,,40,Kh8,0.6
18,,,,,,,,,41,a4,0.52
18,,,,,,,,,42,Bd7,0.56
18,,,,,,,,,43,Bd3,0.48
18,,,,,,,,,44,Qc7,0.61
18,,,,,,,,,45,Kg2,0.61
18,,,,,,,,,46,Rae8,0.75
18,,,,,,,,,47,Nh3,0.73
18,,,,,,,,,48,b6,0.77
18,,,,,,,,,49,Bc3,0.32
18,,,,,,,,,50,Bxc3,0.51
18,,,,,,,,,51,Qxc3,0.34
18,,,,,,,,,52,Ng8,0.35
18,,,,,,,,,53,Ng5,0.35
18,,,,,,,,,54,Nf6,0.32
18,,,,,,,,,55,b3,0.11
18,,,,,,,,,56,h6,0.19
18,,,,,,,,,57,Nf3,0.14
18,,,,,,,,,58,Kh7,0.61
18,,,,,,,,,59,h3,0.02
18,,,,,,,,,60,Qd8,0.0
18,,,,,,,,,61,Ra2,-0.24
18,,,,,,,,,62,Rxe1,-0.19
18,,,,,,,,,63,Qxe1,-0.2
18,,,,,,,,,64,Re8,-0.13
18,,,,,,,,,65,Re2,-0.24
18,,,,,,,,,66,Rxe2+,-0.18
18,,,,,,,,,67,Qxe2,-0.18
18,,,,,,,,,68,g6,-0.14
18,,,,,,,,,69,Nd2,-0.33
18,,,,,,,,,70,Kg7,-0.19
18,,,,,,,,,71,Nb1,-0.1
18,,,,,,,,,72,Kf7,-0.09
18,,,,,,,,,73,Nc3,-0.1
18,,,,,,,,,74,Nh5,-0.05
18,,,,,,,,,75,Qe3,-0.06
18,,,,,,,,,76,Qf6,-0.13
18,,,,,,,,,77,Be2,-0.1
18,,,,,,,,,78,Ng7,-0.09
18,,,,,,,,,79,Kf2,-0.14
18,,,,,,,,,80,g5,-0.06
18,,,,,,,,,81,Bf3,-0.29
18,,,,,,,,,82,g4,-0.2
18,,,,,,,,,83,Bg2,-0.23
18,,,,,,,,,84,h5,0.0
18,,,,,,,,,85,h4,0.0
18,,,,,,,,,86,a5,0.0
18,,,,,,,,,87,Ke1,0.0
18,,,,,,,,,88,Qe7,0.03
18,,,,,,,,,89,Qxe7+,0.0
18,,,,,,,,,90,Kxe7,0.0
18,,,,,,,,,91,Bf1,0.1
18,,,,,,,,,92,Kf6,0.0
,,,,,,,,,,
19,"Gustafsson,J",2629,"Bartel,Mat",2674,2012,QGD semi-Slav,accelerated Meran (Alekhine variation),1/2-1/2,1,d4,0.28
19,,,,,,,,,2,d5,0.33
19,,,,,,,,,3,c4,0.3
19,,,,,,,,,4,c6,0.33
19,,,,,,,,,5,Nf3,0.32
19,,,,,,,,,6,Nf6,0.34
19,,,,,,,,,7,Nc3,0.29
19,,,,,,,,,8,e6,0.39
19,,,,,,,,,9,e3,0.4
19,,,,,,,,,10,a6,0.31
19,,,,,,,,,11,Qc2,0.14
19,,,,,,,,,12,c5,0.18
19,,,,,,,,,13,cxd5,0.18
19,,,,,,,,,14,exd5,0.21
19,,,,,,,,,15,Be2,0.13
19,,,,,,,,,16,Be6,0.14
19,,,,,,,,,17,O-O,0.16
19,,,,,,,,,18,Nc6,0.14
19,,,,,,,,,19,Rd1,0.12
19,,,,,,,,,20,cxd4,0.18
19,,,,,,,,,21,Nxd4,0.21
19,,,,,,,,,22,Nxd4,0.37
19,,,,,,,,,23,Rxd4,0.41
19,,,,,,,,,24,Bc5,0.46
19,,,,,,,,,25,Rd1,0.58
19,,,,,,,,,26,Qe7,0.47
19,,,,,,,,,27,Bf3,0.46
19,,,,,,,,,28,O-O,0.47
19,,,,,,,,,29,Nxd5,0.48
19,,,,,,,,,30,Nxd5,0.48
19,,,,,,,,,31,Bxd5,0.41
19,,,,,,,,,32,Bxd5,0.39
19,,,,,,,,,33,Rxd5,0.44
19,,,,,,,,,34,Rac8,0.33
19,,,,,,,,,35,Bd2,0.29
19,,,,,,,,,36,Bxe3,0.28
19,,,,,,,,,37,Bc3,0.33
19,,,,,,,,,38,Bb6,0.28
19,,,,,,,,,39,Qf5,0.32
19,,,,,,,,,40,Qe6,0.28
19,,,,,,,,,41,Qf3,0.32
19,,,,,,,,,42,Rfe8,0.35
19,,,,,,,,,43,g3,0.18
19,,,,,,,,,44,Qe2,0.19
19,,,,,,,,,45,Kg2,0.22
19,,,,,,,,,46,Qxf3+,0.23
19,,,,,,,,,47,Kxf3,0.24
19,,,,,,,,,48,Re7,0.33
19,,,,,,,,,49,Rad1,0.35
19,,,,,,,,,50,f6,0.26
19,,,,,,,,,51,Rd7,0.2
19,,,,,,,,,52,Rc7,0.19
19,,,,,,,,,53,Rxc7,0.02
19,,,,,,,,,54,Rxc7,0.04
19,,,,,,,,,55,Rd8+,0.0
19,,,,,,,,,56,Kf7,0.0
19,,,,,,,,,57,Bd4,-0.03
19,,,,,,,,,58,Bxd4,0.0
19,,,,,,,,,59,Rxd4,0.0
19,,,,,,,,,60,Ke6,0.0
19,,,,,,,,,61,Ke3,-0.02
19,,,,,,,,,62,Rc2,-0.02
19,,,,,,,,,63,Rb4,-0.03
19,,,,,,,,,64,b5,-0.03
19,,,,,,,,,65,a4,-0.02
19,,,,,,,,,66,bxa4,-0.01
19,,,,,,,,,67,Rxa4,-0.01
19,,,,,,,,,68,Rxb2,0.0
19,,,,,,,,,69,Rxa6+,0.0
,,,,,,,,,,
20,"Fridman,D",2655,"Meier,Geo",2644,2012,Nimzo-Indian,three knights variation,1/2-1/2,1,d4,0.28
20,,,,,,,,,2,Nf6,0.34
20,,,,,,,,,3,c4,0.37
20,,,,,,,,,4,e6,0.35
20,,,,,,,,,5,Nc3,0.13
20,,,,,,,,,6,Bb4,0.13
20,,,,,,,,,7,Nf3,0.12
20,,,,,,,,,8,c5,0.18
20,,,,,,,,,9,g3,0.37
20,,,,,,,,,10,Nc6,0.49
20,,,,,,,,,11,Bg2,0.25
20,,,,,,,,,12,d5,0.47
20,,,,,,,,,13,cxd5,0.46
20,,,,,,,,,14,Nxd5,0.37
20,,,,,,,,,15,Bd2,0.33
20,,,,,,,,,16,cxd4,0.34
20,,,,,,,,,17,Nxd4,0.43
20,,,,,,,,,18,Nxd4,0.24
20,,,,,,,,,19,Nxd5,0.23
20,,,,,,,,,20,Bxd2+,0.3
20,,,,,,,,,21,Qxd2,0.22
20,,,,,,,,,22,e5,0.22
20,,,,,,,,,23,Nc3,0.21
20,,,,,,,,,24,O-O,0.18
20,,,,,,,,,25,Rd1,0.24
20,,,,,,,,,26,Bf5,0.16
20,,,,,,,,,27,e3,0.23
20,,,,,,,,,28,Nc2+,0.21
20,,,,,,,,,29,Kf1,0.2
20,,,,,,,,,30,Nb4,0.36
20,,,,,,,,,31,a3,0.13
20,,,,,,,,,32,Nc6,0.17
20,,,,,,,,,33,Qxd8,0.09
20,,,,,,,,,34,Rfxd8,0.3
20,,,,,,,,,35,Ke2,0.26
20,,,,,,,,,36,Kf8,0.24
20,,,,,,,,,37,Bd5,0.21
20,,,,,,,,,38,Rac8,0.12
20,,,,,,,,,39,Rd2,0.05
20,,,,,,,,,40,Ne7,-0.04
20,,,,,,,,,41,Bf3,0.02
20,,,,,,,,,42,Rxd2+,0.03
20,,,,,,,,,43,Kxd2,0.0
20,,,,,,,,,44,Rd8+,0.03
20,,,,,,,,,45,Kc1,0.08
20,,,,,,,,,46,b6,0.08
20,,,,,,,,,47,Rd1,0.05
20,,,,,,,,,48,Rxd1+,0.07
20,,,,,,,,,49,Kxd1,0.02
20,,,,,,,,,50,Nc8,0.0
20,,,,,,,,,51,Bd5,-0.02
20,,,,,,,,,52,Nd6,-0.01
20,,,,,,,,,53,Kd2,-0.06
20,,,,,,,,,54,Ke7,0.0
20,,,,,,,,,55,f3,0.0
20,,,,,,,,,56,h6,0.0
20,,,,,,,,,57,b3,-0.06
20,,,,,,,,,58,Bd7,-0.05
20,,,,,,,,,59,Kd3,-0.05
20,,,,,,,,,60,f6,-0.05
20,,,,,,,,,61,Kd2,-0.02
20,,,,,,,,,62,Nb5,0.0
20,,,,,,,,,63,Nxb5,-0.03
20,,,,,,,,,64,Bxb5,-0.01
,,,,,,,,,,
